"Status","Error","SitemapUrl"
"Failed","Keep-Alive and Close may not be set using this property.
Parameter name: value","https://www.capitaljeep.com/page-sitemap.xml"
"Failed","Keep-Alive and Close may not be set using this property.
Parameter name: value","https://www.courtesychrysler.com/page-sitemap.xml"
"Failed","Keep-Alive and Close may not be set using this property.
Parameter name: value","https://www.crosstownautocentre.com/page-sitemap.xml"
"Failed","Keep-Alive and Close may not be set using this property.
Parameter name: value","https://www.ddodge.com/page-sitemap.xml"
"Failed","Keep-Alive and Close may not be set using this property.
Parameter name: value","https://www.dodgecityauto.com/page-sitemap.xml"
"Failed","Keep-Alive and Close may not be set using this property.
Parameter name: value","https://www.easternchrysler.com/page-sitemap.xml"
"Failed","Keep-Alive and Close may not be set using this property.
Parameter name: value","https://www.gpchrysler.com/page-sitemap.xml"
"Failed","Keep-Alive and Close may not be set using this property.
Parameter name: value","https://www.mapleridgechrysler.com/page-sitemap.xml"
"Failed","Keep-Alive and Close may not be set using this property.
Parameter name: value","https://www.monctonchrysler.com/page-sitemap.xml"
"Failed","Keep-Alive and Close may not be set using this property.
Parameter name: value","https://www.northlanddodge.ca/page-sitemap.xml"
"Failed","Keep-Alive and Close may not be set using this property.
Parameter name: value","https://www.parklanddodge.com/page-sitemap.xml"
"Failed","Keep-Alive and Close may not be set using this property.
Parameter name: value","https://www.towerchrysler.com/page-sitemap.xml"
"Failed","Keep-Alive and Close may not be set using this property.
Parameter name: value","https://www.wellingtonmotors.com/page-sitemap.xml"
